author_id,book_id
0,0
0,250
0,934
0,6654
0,44724
0,177624
0,886638
0,7347805
0,50555083
0,194291987
1,1
1,256
1,942
1,7037
1,44895
1,201947
1,897291
1,7474857
1,50899419
1,196289410
2,2
2,268
2,956
2,7043
2,44939
2,206704
2,899846
2,7579007
2,54181558
2,197560408
3,3
3,269
3,957
3,7092
3,45537
3,211820
3,903269
3,7579037
3,54669949
3,217229641
4,4
4,272
4,964
4,7190
4,45687
4,212022
4,917830
4,7824533
4,55323120
4,218150804
5,5
5,279
5,966
5,7323
5,45911
5,213564
5,938307
5,7825916
5,57850069
5,221441617
7,6
7,292
7,979
7,7393
7,46084
7,220241
7,944732
7,7877118
7,59358643
7,232530075
8,7
8,296
8,986
8,7398
8,46240
8,229468
8,953432
8,7883490
8,59457558
8,234987801
9,8
9,298
9,989
9,7428
9,46561
9,230058
9,959383
9,7959945
9,59536051
9,244728887
28,9
28,305
28,996
28,7509
28,47459
28,236416
28,980649
28,7961128
28,59550986
28,246921465
32,11
32,306
32,1257
32,7529
32,47695
32,239162
32,984298
32,7970187
32,60534239
32,249048906
40,12
40,308
40,1305
40,7627
40,47861
40,240554
40,1036242
40,7982608
40,60581693
40,272891973
41,13
41,321
41,1333
41,7721
41,48867
41,245798
41,1081312
41,8012208
41,60644896
41,278226669
49,14
49,325
49,1340
49,7764
49,49162
49,260362
49,1107338
49,8104723
49,61544433
49,285823580
67,15
67,326
67,1396
67,7852
67,49508
67,261809
67,1137461
67,8110480
67,61853383
67,294370259
75,16
75,333
75,1434
75,7859
75,49586
75,263936
75,1301614
75,8173155
75,63391121
75,300042329
82,17
82,343
82,1618
82,7866
82,50124
82,274287
82,1321222
82,8185575
82,63652797
82,300581921
86,19
86,347
86,1629
86,8077
86,50461
86,275441
86,1363935
86,8363273
86,63734777
86,317531350
89,20
89,348
89,1640
89,8207
89,50624
89,278114
89,1451551
89,8512104
89,64702480
89,324248559
92,22
92,350
92,1652
92,8218
92,52088
92,289264
92,1468736
92,8594430
92,65294204
92,338472675
94,23
94,354
94,1757
94,8246
94,52531
94,290806
94,1533131
94,8600621
94,65548435
94,350332500
95,24
95,356
95,1846
95,8334
95,53606
95,295206
95,1559046
95,8683868
95,66417739
95,354679394
99,25
99,364
99,1863
99,8440
99,54557
99,297820
99,1586912
99,8819605
99,66606888
99,358387306
195,26
195,388
195,1878
195,8563
195,55290
195,302208
195,2004830
195,8865825
195,66765712
195,362049558
210,27
210,414
210,2035
210,8667
210,55427
210,328383
210,2067915
210,8881811
210,67278912
210,362317622
222,28
222,434
222,2115
222,8695
222,58009
222,336707
222,2121798
222,8896172
222,67992351
222,362455499
224,29
224,439
224,2125
224,8712
224,58725
224,338325
224,2195254
224,8919219
224,68174427
224,380084411
274,30
274,447
274,2189
274,8854
274,58729
274,339555
274,2255164
274,8946857
274,68938846
274,382300831
470,31
470,448
470,2289
470,8887
470,59182
470,344259
470,2387978
470,8961984
470,69116243
470,385068325
671,32
671,462
671,2318
671,9021
671,59954
671,349480
671,2391135
671,9047983
671,69326640
671,403025714
868,33
868,463
868,2468
868,9074
868,60038
868,362683
868,2646482
868,9111906
868,69502359
868,408488280
875,35
875,474
875,2469
875,9099
875,61353
875,372098
875,2786404
875,9157650
875,70080649
875,410264031
976,36
976,475
976,2509
976,9203
976,62795
976,379874
976,2825092
976,9297472
976,70201390
976,417177336
1469,38
1469,522
1469,2582
1469,9228
1469,62982
1469,384487
1469,2825277
1469,9353865
1469,70354577
1469,425890478
2978,40
2978,533
2978,2823
2978,9244
2978,63418
2978,387551
2978,2943342
2978,9399509
2978,70741072
2978,427239472
3146,41
3146,551
3146,2857
3146,9346
3146,63605
3146,393388
3146,3068712
3146,9442220
3146,73309079
3146,428728278
3970,42
3970,557
3970,3049
3970,9367
3970,63919
3970,407551
3970,3103210
3970,9495993
3970,73531330
3970,432231711
4170,44
4170,559
4170,3168
4170,9369
4170,64861
4170,408912
4170,3116414
4170,9513979
4170,75168465
4170,434649872
7324,47
7324,566
7324,3177
7324,9455
7324,65116
7324,420425
7324,3234728
7324,9558662
7324,75502668
7324,448377298
8026,48
8026,584
8026,3270
8026,9518
8026,66013
8026,425004
8026,3265728
8026,9590746
8026,75519722
8026,453406702
8326,49
8326,587
8326,3313
8326,9539
8326,67165
8326,452323
8326,3332050
8326,9627259
8326,75953329
8326,480645805
9646,50
9646,598
9646,3317
9646,9557
9646,67869
9646,457526
9646,3371627
9646,9652277
9646,76460661
9646,494956531
10379,51
10379,601
10379,3409
10379,9639
10379,68974
10379,460524
10379,3444636
10379,9730359
10379,76922365
10379,495464248
18210,52
18210,605
18210,3761
18210,9653
18210,68995
18210,479277
18210,3505102
18210,9738494
18210,77001891
18210,498710232
28055,54
28055,609
28055,3891
28055,9681
28055,69922
28055,488196
28055,3506396
28055,9862096
28055,78197517
28055,516832567
35152,55
35152,613
35152,3942
35152,9770
35152,69952
35152,494143
35152,3603165
35152,9886718
35152,78953081
35152,525914250
37244,56
37244,625
37244,3978
37244,10040
37244,70105
37244,495515
37244,3775643
37244,9964230
37244,79330968
37244,537883190
54474,57
54474,627
54474,4010
54474,10410
54474,70230
54474,501977
54474,4000015
54474,9979479
54474,80447326
54474,539844731
55903,58
55903,630
55903,4017
55903,10441
55903,70425
55903,517214
55903,4020029
55903,9990745
55903,80771448
55903,547739740
58146,60
58146,640
58146,4027
58146,11550
58146,71128
58146,521882
58146,4059856
58146,11312157
58146,81232723
58146,571430563
68130,61
68130,642
68130,4073
68130,11902
68130,72599
68130,536373
68130,4083561
68130,12348418
68130,81388869
68130,579035699
68156,62
68156,661
68156,4116
68156,12056
68156,73365
68156,544661
68156,4164680
68156,12665494
68156,82254708
68156,579176651
98482,63
98482,662
98482,4125
98482,12248
98482,75064
98482,550094
98482,4170313
98482,13952248
98482,82346201
98482,581330759
99306,64
99306,668
99306,4152
99306,14168
99306,75601
99306,555170
99306,4181367
99306,16336755
99306,82865616
99306,584953209
121075,65
121075,670
121075,4235
121075,15313
121075,76289
121075,555507
121075,4243123
121075,16519564
121075,83111373
121075,592358483
153678,67
153678,690
153678,4335
153678,15869
153678,77073
153678,556479
153678,4285330
153678,17132383
153678,83293119
153678,593230588
263439,69
263439,700
263439,4489
263439,17518
263439,77138
263439,557728
263439,4346645
263439,18754781
263439,84512093
263439,593269882
289997,70
289997,709
289997,4494
289997,17618
289997,77721
289997,600991
289997,4396539
289997,19420019
289997,84635292
289997,601564746
316072,72
316072,710
316072,4536
316072,18216
316072,79714
316072,607974
316072,4468685
316072,19834723
316072,84875737
316072,612934993
371857,73
371857,719
371857,4637
371857,18562
371857,79831
371857,608185
371857,4489334
371857,19855216
371857,86392437
371857,613711349
413914,74
413914,720
413914,4697
413914,18570
413914,80391
413914,623190
413914,4691475
413914,20281036
413914,86460883
413914,626605509
444976,75
444976,721
444976,4830
444976,18729
444976,81271
444976,630097
444976,4700720
444976,20453559
444976,86783890
444976,629580736
670938,76
670938,722
670938,5047
670938,19372
670938,82433
670938,632024
670938,4736521
670938,20796762
670938,86969867
670938,638862451
776254,77
776254,723
776254,5084
776254,19590
776254,82690
776254,634462
776254,4810529
776254,21252908
776254,87349143
776254,646471960
794205,78
794205,728
794205,5104
794205,20038
794205,86867
794205,640907
794205,4846323
794205,21430995
794205,87483428
794205,659546620
852140,81
852140,729
852140,5129
852140,20406
852140,87159
852140,646095
852140,4943205
852140,21522653
852140,87575353
852140,670907997
950446,82
950446,746
950446,5136
950446,20980
950446,88298
950446,682149
950446,5123116
950446,21863159
950446,87911274
950446,693535366
1846010,83
1846010,748
1846010,5161
1846010,21083
1846010,88648
1846010,683356
1846010,5169277
1846010,23037377
1846010,88021511
1846010,729230146
2695795,84
2695795,758
2695795,5276
2695795,21087
2695795,88866
2695795,698147
2695795,5178015
2695795,24716575
2695795,90071911
2695795,741030225
3940613,85
3940613,770
3940613,5351
3940613,21382
3940613,88903
3940613,700199
3940613,5193926
3940613,24779834
3940613,90254161
3940613,742430264
4460130,87
4460130,779
4460130,5488
4460130,22131
4460130,89495
4460130,714417
4460130,5210967
4460130,24881437
4460130,91786430
4460130,745307156
4599081,88
4599081,786
4599081,5524
4599081,22224
4599081,90385
4599081,734725
4599081,5224859
4599081,25825542
4599081,92106744
4599081,750934913
6368932,90
6368932,795
6368932,5539
6368932,24079
6368932,91211
6368932,735310
6368932,5257241
6368932,27042963
6368932,92910440
6368932,774089507
7707098,91
7707098,804
7707098,5631
7707098,24719
7707098,91607
7707098,741844
7707098,5269461
7707098,27080861
7707098,93225611
7707098,793650188
8243321,93
8243321,810
8243321,5633
8243321,25038
8243321,91856
8243321,743763
8243321,5345489
8243321,27948442
8243321,93729489
8243321,796145524
8803955,95
8803955,811
8803955,5694
8803955,25332
8803955,91875
8803955,746904
8803955,5387242
8803955,28050629
8803955,96133069
8803955,816290864
9965714,96
9965714,812
9965714,5840
9965714,26158
9965714,92362
9965714,756405
9965714,5388260
9965714,31262632
9965714,96640393
9965714,823131553
15618450,97
15618450,813
15618450,5859
15618450,26617
15618450,92573
15618450,773080
15618450,5471636
15618450,32693068
15618450,97368659
15618450,844431620
25480509,98
25480509,814
25480509,5912
25480509,26742
25480509,93837
25480509,776479
25480509,5516577
25480509,34091366
25480509,98127005
25480509,853473180
32749820,99
32749820,815
32749820,5956
32749820,27084
32749820,94218
32749820,790416
32749820,5637693
32749820,34529304
32749820,98645686
32749820,857707790
66596576,119
66596576,829
66596576,5995
66596576,27147
66596576,94829
66596576,793833
66596576,5710034
66596576,36174658
66596576,109958137
66596576,858882133
70613705,121
70613705,830
70613705,6001
70613705,29838
70613705,95155
70613705,803063
70613705,5757229
70613705,37428627
70613705,120542223
70613705,871712811
77701225,127
77701225,832
77701225,6032
77701225,30256
77701225,95790
77701225,803680
77701225,5967289
77701225,38063923
77701225,123269019
77701225,896640277
84231720,138
84231720,834
84231720,6044
84231720,30350
84231720,96680
84231720,808397
84231720,6038695
84231720,38070743
84231720,139469337
84231720,897218679
92547468,163
92547468,846
92547468,6049
92547468,32485
92547468,96776
92547468,814096
92547468,6068420
92547468,38313786
92547468,140619279
92547468,897934401
96647963,180
96647963,852
96647963,6108
96647963,32787
96647963,97059
96647963,816101
96647963,6201786
96647963,39259056
96647963,149874432
96647963,900460023
97874452,192
97874452,868
97874452,6123
97874452,32913
97874452,97495
97874452,819195
97874452,6225434
97874452,39315337
97874452,150256776
97874452,902424279
99192795,193
99192795,871
99192795,6219
99192795,34271
99192795,99645
99192795,820433
99192795,6273141
99192795,40838620
99192795,153695384
99192795,914667049
99497145,199
99497145,872
99497145,6301
99497145,34720
99497145,100013
99497145,821034
99497145,6451122
99497145,41600790
99497145,155921615
99497145,915967121
102826493,201
102826493,873
102826493,6382
102826493,35406
102826493,112089
102826493,824470
102826493,6468014
102826493,42392204
102826493,162084922
102826493,920007230
140580984,205
140580984,879
140580984,6413
140580984,35859
140580984,115990
140580984,843152
140580984,6605456
140580984,43375804
140580984,163118720
140580984,923393979
362419680,216
362419680,883
362419680,6432
362419680,36032
362419680,116011
362419680,846930
362419680,6625231
362419680,43420737
362419680,166125489
362419680,923552491
455293223,217
455293223,884
455293223,6438
455293223,37404
455293223,130754
455293223,853990
455293223,6767327
455293223,45362900
455293223,169834068
455293223,930014220
556009304,219
556009304,888
556009304,6488
556009304,37896
556009304,139575
556009304,854827
556009304,6844073
556009304,45671810
556009304,173461971
556009304,931006977
602269620,221
602269620,899
602269620,6502
602269620,39293
602269620,143623
602269620,861934
602269620,6862410
602269620,46000007
602269620,173928302
602269620,940535548
665373011,226
665373011,900
665373011,6578
665373011,39874
665373011,151919
665373011,872591
665373011,7043763
665373011,46647266
665373011,176159578
665373011,971498927
753356096,229
753356096,904
753356096,6602
753356096,40853
753356096,158620
753356096,873319
753356096,7091139
753356096,46759985
753356096,177569386
753356096,976447786
813262804,237
813262804,909
813262804,6618
813262804,41924
813262804,162239
813262804,876162
813262804,7244434
813262804,47823842
813262804,181803615
813262804,976745357
910999604,241
910999604,922
910999604,6638
910999604,42651
910999604,166608
910999604,877351
910999604,7250798
910999604,49843316
910999604,188525149
910999604,988162891
960479328,247
960479328,927
960479328,6639
960479328,43532
960479328,175427
960479328,884454
960479328,7316321
960479328,50040982
960479328,189318457
960479328,998454808
