book_id,language_id
0,0
23,0
49,0
74,0
119,0
250,0
354,0
587,0
720,0
829,0
934,0
1757,0
3313,0
4697,0
5995,0
6654,0
8246,0
9539,0
18570,0
27147,0
44724,0
52531,0
67165,0
80391,0
94829,0
177624,0
290806,0
452323,0
623190,0
793833,0
886638,0
1533131,0
3332050,0
4691475,0
5710034,0
7347805,0
8600621,0
9627259,0
20281036,0
36174658,0
50555083,0
65548435,0
75953329,0
86460883,0
109958137,0
194291987,0
350332500,0
480645805,0
626605509,0
858882133,0
1,6
24,6
50,6
75,6
121,6
256,6
356,6
598,6
721,6
830,6
942,6
1846,6
3317,6
4830,6
6001,6
7037,6
8334,6
9557,6
18729,6
29838,6
44895,6
53606,6
67869,6
81271,6
95155,6
201947,6
295206,6
457526,6
630097,6
803063,6
897291,6
1559046,6
3371627,6
4700720,6
5757229,6
7474857,6
8683868,6
9652277,6
20453559,6
37428627,6
50899419,6
66417739,6
76460661,6
86783890,6
120542223,6
196289410,6
354679394,6
494956531,6
629580736,6
871712811,6
2,35
25,35
51,35
76,35
127,35
268,35
364,35
601,35
722,35
832,35
956,35
1863,35
3409,35
5047,35
6032,35
7043,35
8440,35
9639,35
19372,35
30256,35
44939,35
54557,35
68974,35
82433,35
95790,35
206704,35
297820,35
460524,35
632024,35
803680,35
899846,35
1586912,35
3444636,35
4736521,35
5967289,35
7579007,35
8819605,35
9730359,35
20796762,35
38063923,35
54181558,35
66606888,35
76922365,35
86969867,35
123269019,35
197560408,35
358387306,35
495464248,35
638862451,35
896640277,35
3,48
26,48
52,48
77,48
138,48
269,48
388,48
605,48
723,48
834,48
957,48
1878,48
3761,48
5084,48
6044,48
7092,48
8563,48
9653,48
19590,48
30350,48
45537,48
55290,48
68995,48
82690,48
96680,48
211820,48
302208,48
479277,48
634462,48
808397,48
903269,48
2004830,48
3505102,48
4810529,48
6038695,48
7579037,48
8865825,48
9738494,48
21252908,48
38070743,48
54669949,48
66765712,48
77001891,48
87349143,48
139469337,48
217229641,48
362049558,48
498710232,48
646471960,48
897218679,48
4,75
27,75
54,75
78,75
163,75
272,75
414,75
609,75
728,75
846,75
964,75
2035,75
3891,75
5104,75
6049,75
7190,75
8667,75
9681,75
20038,75
32485,75
45687,75
55427,75
69922,75
86867,75
96776,75
212022,75
328383,75
488196,75
640907,75
814096,75
917830,75
2067915,75
3506396,75
4846323,75
6068420,75
7824533,75
8881811,75
9862096,75
21430995,75
38313786,75
55323120,75
67278912,75
78197517,75
87483428,75
140619279,75
218150804,75
362317622,75
516832567,75
659546620,75
897934401,75
5,167
28,167
55,167
81,167
180,167
279,167
434,167
613,167
729,167
852,167
966,167
2115,167
3942,167
5129,167
6108,167
7323,167
8695,167
9770,167
20406,167
32787,167
45911,167
58009,167
69952,167
87159,167
97059,167
213564,167
336707,167
494143,167
646095,167
816101,167
938307,167
2121798,167
3603165,167
4943205,167
6201786,167
7825916,167
8896172,167
9886718,167
21522653,167
39259056,167
57850069,167
67992351,167
78953081,167
87575353,167
149874432,167
221441617,167
362455499,167
525914250,167
670907997,167
900460023,167
6,184
29,184
56,184
82,184
192,184
292,184
439,184
625,184
746,184
868,184
979,184
2125,184
3978,184
5136,184
6123,184
7393,184
8712,184
10040,184
20980,184
32913,184
46084,184
58725,184
70105,184
88298,184
97495,184
220241,184
338325,184
495515,184
682149,184
819195,184
944732,184
2195254,184
3775643,184
5123116,184
6225434,184
7877118,184
8919219,184
9964230,184
21863159,184
39315337,184
59358643,184
68174427,184
79330968,184
87911274,184
150256776,184
232530075,184
380084411,184
537883190,184
693535366,184
902424279,184
7,366
30,366
57,366
83,366
193,366
296,366
447,366
627,366
748,366
871,366
986,366
2189,366
4010,366
5161,366
6219,366
7398,366
8854,366
10410,366
21083,366
34271,366
46240,366
58729,366
70230,366
88648,366
99645,366
229468,366
339555,366
501977,366
683356,366
820433,366
953432,366
2255164,366
4000015,366
5169277,366
6273141,366
7883490,366
8946857,366
9979479,366
23037377,366
40838620,366
59457558,366
68938846,366
80447326,366
88021511,366
153695384,366
234987801,366
382300831,366
539844731,366
729230146,366
914667049,366
8,3733
31,3733
58,3733
84,3733
199,3733
298,3733
448,3733
630,3733
758,3733
872,3733
989,3733
2289,3733
4017,3733
5276,3733
6301,3733
7428,3733
8887,3733
10441,3733
21087,3733
34720,3733
46561,3733
59182,3733
70425,3733
88866,3733
100013,3733
230058,3733
344259,3733
517214,3733
698147,3733
821034,3733
959383,3733
2387978,3733
4020029,3733
5178015,3733
6451122,3733
7959945,3733
8961984,3733
9990745,3733
24716575,3733
41600790,3733
59536051,3733
69116243,3733
80771448,3733
90071911,3733
155921615,3733
244728887,3733
385068325,3733
547739740,3733
741030225,3733
915967121,3733
9,149674
32,149674
60,149674
85,149674
201,149674
305,149674
462,149674
640,149674
770,149674
873,149674
996,149674
2318,149674
4027,149674
5351,149674
6382,149674
7509,149674
9021,149674
11550,149674
21382,149674
35406,149674
47459,149674
59954,149674
71128,149674
88903,149674
112089,149674
236416,149674
349480,149674
521882,149674
700199,149674
824470,149674
980649,149674
2391135,149674
4059856,149674
5193926,149674
6468014,149674
7961128,149674
9047983,149674
11312157,149674
24779834,149674
42392204,149674
59550986,149674
69326640,149674
81232723,149674
90254161,149674
162084922,149674
246921465,149674
403025714,149674
571430563,149674
742430264,149674
920007230,149674
11,487559
33,487559
61,487559
87,487559
205,487559
306,487559
463,487559
642,487559
779,487559
879,487559
1257,487559
2468,487559
4073,487559
5488,487559
6413,487559
7529,487559
9074,487559
11902,487559
22131,487559
35859,487559
47695,487559
60038,487559
72599,487559
89495,487559
115990,487559
239162,487559
362683,487559
536373,487559
714417,487559
843152,487559
984298,487559
2646482,487559
4083561,487559
5210967,487559
6605456,487559
7970187,487559
9111906,487559
12348418,487559
24881437,487559
43375804,487559
60534239,487559
69502359,487559
81388869,487559
91786430,487559
163118720,487559
249048906,487559
408488280,487559
579035699,487559
745307156,487559
923393979,487559
12,2260072
35,2260072
62,2260072
88,2260072
216,2260072
308,2260072
474,2260072
661,2260072
786,2260072
883,2260072
1305,2260072
2469,2260072
4116,2260072
5524,2260072
6432,2260072
7627,2260072
9099,2260072
12056,2260072
22224,2260072
36032,2260072
47861,2260072
61353,2260072
73365,2260072
90385,2260072
116011,2260072
240554,2260072
372098,2260072
544661,2260072
734725,2260072
846930,2260072
1036242,2260072
2786404,2260072
4164680,2260072
5224859,2260072
6625231,2260072
7982608,2260072
9157650,2260072
12665494,2260072
25825542,2260072
43420737,2260072
60581693,2260072
70080649,2260072
82254708,2260072
92106744,2260072
166125489,2260072
272891973,2260072
410264031,2260072
579176651,2260072
750934913,2260072
923552491,2260072
13,2640555
36,2640555
63,2640555
90,2640555
217,2640555
321,2640555
475,2640555
662,2640555
795,2640555
884,2640555
1333,2640555
2509,2640555
4125,2640555
5539,2640555
6438,2640555
7721,2640555
9203,2640555
12248,2640555
24079,2640555
37404,2640555
48867,2640555
62795,2640555
75064,2640555
91211,2640555
130754,2640555
245798,2640555
379874,2640555
550094,2640555
735310,2640555
853990,2640555
1081312,2640555
2825092,2640555
4170313,2640555
5257241,2640555
6767327,2640555
8012208,2640555
9297472,2640555
13952248,2640555
27042963,2640555
45362900,2640555
60644896,2640555
70201390,2640555
82346201,2640555
92910440,2640555
169834068,2640555
278226669,2640555
417177336,2640555
581330759,2640555
774089507,2640555
930014220,2640555
14,3872410
38,3872410
64,3872410
91,3872410
219,3872410
325,3872410
522,3872410
668,3872410
804,3872410
888,3872410
1340,3872410
2582,3872410
4152,3872410
5631,3872410
6488,3872410
7764,3872410
9228,3872410
14168,3872410
24719,3872410
37896,3872410
49162,3872410
62982,3872410
75601,3872410
91607,3872410
139575,3872410
260362,3872410
384487,3872410
555170,3872410
741844,3872410
854827,3872410
1107338,3872410
2825277,3872410
4181367,3872410
5269461,3872410
6844073,3872410
8104723,3872410
9353865,3872410
16336755,3872410
27080861,3872410
45671810,3872410
61544433,3872410
70354577,3872410
82865616,3872410
93225611,3872410
173461971,3872410
285823580,3872410
425890478,3872410
584953209,3872410
793650188,3872410
931006977,3872410
15,29848962
40,29848962
65,29848962
93,29848962
221,29848962
326,29848962
533,29848962
670,29848962
810,29848962
899,29848962
1396,29848962
2823,29848962
4235,29848962
5633,29848962
6502,29848962
7852,29848962
9244,29848962
15313,29848962
25038,29848962
39293,29848962
49508,29848962
63418,29848962
76289,29848962
91856,29848962
143623,29848962
261809,29848962
387551,29848962
555507,29848962
743763,29848962
861934,29848962
1137461,29848962
2943342,29848962
4243123,29848962
5345489,29848962
6862410,29848962
8110480,29848962
9399509,29848962
16519564,29848962
27948442,29848962
46000007,29848962
61853383,29848962
70741072,29848962
83111373,29848962
93729489,29848962
173928302,29848962
294370259,29848962
427239472,29848962
592358483,29848962
796145524,29848962
940535548,29848962
16,49198282
41,49198282
67,49198282
95,49198282
226,49198282
333,49198282
551,49198282
690,49198282
811,49198282
900,49198282
1434,49198282
2857,49198282
4335,49198282
5694,49198282
6578,49198282
7859,49198282
9346,49198282
15869,49198282
25332,49198282
39874,49198282
49586,49198282
63605,49198282
77073,49198282
91875,49198282
151919,49198282
263936,49198282
393388,49198282
556479,49198282
746904,49198282
872591,49198282
1301614,49198282
3068712,49198282
4285330,49198282
5387242,49198282
7043763,49198282
8173155,49198282
9442220,49198282
17132383,49198282
28050629,49198282
46647266,49198282
63391121,49198282
73309079,49198282
83293119,49198282
96133069,49198282
176159578,49198282
300042329,49198282
428728278,49198282
593230588,49198282
816290864,49198282
971498927,49198282
17,91779951
42,91779951
69,91779951
96,91779951
229,91779951
343,91779951
557,91779951
700,91779951
812,91779951
904,91779951
1618,91779951
3049,91779951
4489,91779951
5840,91779951
6602,91779951
7866,91779951
9367,91779951
17518,91779951
26158,91779951
40853,91779951
50124,91779951
63919,91779951
77138,91779951
92362,91779951
158620,91779951
274287,91779951
407551,91779951
557728,91779951
756405,91779951
873319,91779951
1321222,91779951
3103210,91779951
4346645,91779951
5388260,91779951
7091139,91779951
8185575,91779951
9495993,91779951
18754781,91779951
31262632,91779951
46759985,91779951
63652797,91779951
73531330,91779951
84512093,91779951
96640393,91779951
177569386,91779951
300581921,91779951
432231711,91779951
593269882,91779951
823131553,91779951
976447786,91779951
19,94146460
44,94146460
70,94146460
97,94146460
237,94146460
347,94146460
559,94146460
709,94146460
813,94146460
909,94146460
1629,94146460
3168,94146460
4494,94146460
5859,94146460
6618,94146460
8077,94146460
9369,94146460
17618,94146460
26617,94146460
41924,94146460
50461,94146460
64861,94146460
77721,94146460
92573,94146460
162239,94146460
275441,94146460
408912,94146460
600991,94146460
773080,94146460
876162,94146460
1363935,94146460
3116414,94146460
4396539,94146460
5471636,94146460
7244434,94146460
8363273,94146460
9513979,94146460
19420019,94146460
32693068,94146460
47823842,94146460
63734777,94146460
75168465,94146460
84635292,94146460
97368659,94146460
181803615,94146460
317531350,94146460
434649872,94146460
601564746,94146460
844431620,94146460
976745357,94146460
20,426577483
47,426577483
72,426577483
98,426577483
241,426577483
348,426577483
566,426577483
710,426577483
814,426577483
922,426577483
1640,426577483
3177,426577483
4536,426577483
5912,426577483
6638,426577483
8207,426577483
9455,426577483
18216,426577483
26742,426577483
42651,426577483
50624,426577483
65116,426577483
79714,426577483
93837,426577483
166608,426577483
278114,426577483
420425,426577483
607974,426577483
776479,426577483
877351,426577483
1451551,426577483
3234728,426577483
4468685,426577483
5516577,426577483
7250798,426577483
8512104,426577483
9558662,426577483
19834723,426577483
34091366,426577483
49843316,426577483
64702480,426577483
75502668,426577483
84875737,426577483
98127005,426577483
188525149,426577483
324248559,426577483
448377298,426577483
612934993,426577483
853473180,426577483
988162891,426577483
22,708358373
48,708358373
73,708358373
99,708358373
247,708358373
350,708358373
584,708358373
719,708358373
815,708358373
927,708358373
1652,708358373
3270,708358373
4637,708358373
5956,708358373
6639,708358373
8218,708358373
9518,708358373
18562,708358373
27084,708358373
43532,708358373
52088,708358373
66013,708358373
79831,708358373
94218,708358373
175427,708358373
289264,708358373
425004,708358373
608185,708358373
790416,708358373
884454,708358373
1468736,708358373
3265728,708358373
4489334,708358373
5637693,708358373
7316321,708358373
8594430,708358373
9590746,708358373
19855216,708358373
34529304,708358373
50040982,708358373
65294204,708358373
75519722,708358373
86392437,708358373
98645686,708358373
189318457,708358373
338472675,708358373
453406702,708358373
613711349,708358373
857707790,708358373
998454808,708358373
