cardholder_id,phone_number
0,(769)507-6
0,(952)879-0
2,(806)781-7
2,488-853-96
4,(842)371-6
4,643-730-28
5,(717)353-8
5,296.369.23
6,114.581.61
6,210-125-40
7,(177)109-4
7,(839)056-4
8,421-473-56
8,533-116-99
11,1-469-262-
11,245.176.14
12,(915)362-2
12,1-073-509-
15,1-124-421-
15,601-156-29
20,740.804.46
20,841-378-65
24,+01(9)4557
24,1-446-056-
25,040-045-38
25,1-458-725-
27,(686)137-6
27,818-279-93
28,021.607.07
28,1-890-968-
29,122-821-91
29,261-201-24
38,1-723-768-
38,813.510.10
46,(106)652-3
46,122.655.99
50,(914)117-2
50,813.786.56
54,1-144-388-
54,1-337-066-
56,(355)138-9
56,734-537-28
92,(688)890-6
92,+20(9)1362
97,0851262496
97,140.812.15
247,(613)234-1
247,499.197.34
404,(316)135-8
404,884.659.07
537,(265)843-9
537,1-418-934-
588,1-854-863-
588,598.739.86
692,1-503-066-
692,1-918-955-
902,323.028.75
902,933.362.03
992,1-408-029-
992,149-700-00
2056,(577)158-9
2056,1-041-533-
2206,(412)606-4
2206,508-592-48
2273,(014)978-9
2273,175.084.59
4072,+87(9)1094
4072,1-342-071-
5775,(158)867-5
5775,(394)218-3
5880,1-360-240-
5880,686.566.59
6656,0546607170
6656,595-349-19
8657,1-413-962-
8657,467-501-24
8951,+21(1)4925
8951,1-630-218-
9615,(857)276-7
9615,207.172.60
19137,(876)838-0
19137,1-810-422-
24718,+05(5)4363
24718,022-124-34
36517,070-448-49
36517,1-867-156-
58854,0818688677
58854,1-993-263-
59105,(733)692-2
59105,+23(6)0847
59326,731-950-54
59326,925.859.12
59498,0948857076
59498,1-006-821-
80139,+93(8)2473
80139,0322016849
81449,(143)634-8
81449,(487)974-1
86004,0587827185
86004,508-529-94
92878,(182)830-6
151591,(361)597-4
159983,0892720642
169589,873-975-72
286314,(084)323-6
353211,1-148-507-
361737,(251)051-7
390116,(542)833-0
438367,1-299-561-
636236,1-314-410-
784031,+86(4)4026
840451,+97(1)3051
844435,911.693.87
861539,(800)441-8
923007,(251)478-3
1742669,104-693-08
1949022,1-265-580-
2531724,922-273-00
2794921,+91(6)7055
4057851,(466)851-7
6193100,1-340-301-
7909586,462-213-15
8866565,0547302008
9298988,1-253-322-
11530271,701-826-34
30462902,(870)903-6
40206570,923.087.31
45942970,0711538490
48093980,1-308-722-
49148264,(870)711-2
61311235,389.510.82
74537650,(551)195-1
80819603,333.000.91
81760151,(566)036-2
122029347,1-486-449-
220388911,0641139135
357669230,0007771137
393287139,197-234-90
403540314,1-360-119-
409097898,(531)589-3
434811512,(548)260-2
590989014,1-235-144-
599309317,079-183-45
621676189,906-835-71
628632641,1-194-620-
770059794,0410103195
901039432,(231)804-7
931064960,785.809.98
972884164,310.520.35
989629417,(255)690-1
