cid,book_id,branch_id
3811930,256,65
8874928,714417,11
11278540,5633,96
11758107,90071911,7253076
16409021,2,78
21227193,76460661,65
28012337,88021511,53172
28959398,18570,11
35683014,89495,11
41320555,343,28410
48676202,67165,11
54738188,930014220,78
67662260,10410,53172
70986019,70425,7253076
73256695,525914250,12617
77639417,5129,12617
80915338,897218679,89
88662628,88866,7253076
95545231,349480,8981887
104173271,250,11
105444022,59182,7253076
105521139,598,65
106139322,63391121,12617
108385954,308,65
114920543,274287,28410
119627598,1,65
125906103,5,12617
134395128,640,8981887
134473193,219,89
136346653,6468014,8981887
137184343,6862410,96
145230995,5631,89
146123756,380084411,28410
160253220,494143,12617
162473773,3891,96
173532761,4027,8981887
173653873,115990,11
182763510,408488280,11
185131679,709,53172
187139118,63418,96
188215230,9652277,65
189477376,556479,12617
200946218,50555083,11
209510552,6123,28410
210317366,6413,11
212374353,44724,11
213380617,41924,53172
214854858,94829,11
215299437,73365,65
215759978,623190,11
217406126,4489334,8981887
219207662,78953081,12617
222247835,177624,11
223028803,593269882,28410
224814025,858882133,11
225058063,109958137,11
225996027,24716575,7253076
243120521,58729,53172
250514397,84635292,53172
250949395,20980,28410
261178214,460524,78
261845451,72,7253076
263185242,7825916,12617
266158610,7,53172
267666016,189318457,8981887
268058365,5047,78
271448528,7323,12617
272877004,6301,7253076
275561945,1257,11
277601163,873319,28410
282270936,37404,78
288805752,17132383,12617
293871264,7428,7253076
302916436,989,7253076
304130148,938307,12617
306029733,720,11
323457269,292,28410
353988683,62795,78
355317447,263936,12617
356249853,80447326,53172
358493315,728,96
362730010,99645,53172
367177875,979,28410
370128243,354,11
376083014,923393979,11
377815121,8185575,28410
379445435,36174658,11
380088455,22131,11
383629123,46647266,12617
392207951,8440,78
394058433,7474857,65
400688836,95,12617
404669937,897934401,96
405327048,64861,53172
406038954,922,7253076
406586535,163118720,11
408593656,1107338,89
409037319,278114,7253076
416594778,7877118,28410
416825260,9346,12617
433543109,80391,11
435312791,432231711,28410
451886427,98127005,7253076
459336372,931006977,89
460222855,275441,53172
467629193,48867,78
483362533,362049558,89
487225028,116011,65
492446886,69922,96
501198655,9353865,89
506142116,814096,96
508425209,8012208,78
508620198,3177,7253076
510842238,722,78
514167777,206704,78
522682585,7959945,7253076
527694572,447,53172
531518279,700199,8981887
534492088,98,7253076
544316716,20453559,65
544355234,84875737,7253076
544779980,393388,12617
547829738,268,78
550102515,634462,89
550781243,790416,8981887
558320859,5351,8981887
563262412,7970187,11
567578780,100013,7253076
570222090,176159578,12617
570409582,78,96
571222515,84,7253076
574597139,640907,96
578071359,4017,7253076
585184120,7764,89
587354047,632024,78
613915672,20,7253076
621883445,5840,28410
625324046,6049,96
626121301,87349143,89
628006338,0,11
629263315,289264,8981887
635199019,52531,11
635226663,12248,78
640366444,480645805,11
652390573,249048906,11
655944153,91607,89
656994712,216,65
658961364,199,7253076
665376615,158620,28410
666796291,46000007,96
667568356,4396539,53172
671109743,9539,11
674658341,49843316,7253076
677340935,879,11
677458955,66606888,78
679718878,872,7253076
684008897,914667049,53172
690936986,59358643,28410
695741750,844431620,53172
703681777,127,78
705851401,77721,53172
715312451,8512104,7253076
716849464,61853383,96
723905234,557728,28410
725618247,21430995,96
725878414,846930,65
730658150,99,8981887
736321637,8110480,96
739346913,601564746,53172
754092055,6578,12617
757241106,9495993,28410
760338004,86392437,8981887
761891922,690,12617
764025054,32693068,53172
765757338,333,12617
766499748,9653,89
768837168,201947,65
775830448,39315337,28410
795143754,803680,78
797098532,871712811,65
801901200,173461971,89
802538985,236416,8981887
811608050,67869,65
821320585,162239,53172
822201585,7859,12617
823829381,795,78
835228247,63,78
837926194,8,7253076
838078509,940535548,96
838170520,362683,11
841939659,72599,11
844665942,321,78
847901510,3942,12617
850112572,501977,53172
859502405,555507,96
864563271,495515,28410
864906186,24,65
869836032,498710232,89
869883718,4335,12617
873646439,47459,8981887
875343274,19590,89
876918861,21252908,89
884177546,88298,28410
885567877,75168465,53172
887718377,9367,28410
891020171,25038,96
891069187,112089,8981887
894001654,162084922,8981887
905096593,9639,78
909306785,56,28410
909931361,8600621,11
910315514,241,7253076
912422496,4059856,8981887
916860560,1533131,11
922275899,237,53172
927918874,226,12617
928051007,3505102,89
944307776,229,28410
945287385,5471636,53172
948932057,151919,12617
964209212,917830,96
966068081,26,89
969596715,61353,65
971412775,7043,78
974360721,3978,28410
974775721,5161,53172
976869174,495464248,78
992434907,1629,53172
994807629,325,89
1005671822,6654,11
1011403000,474,65
1016420688,201,8981887
1020948557,21863159,28410
1027576398,956,78
1028698729,4125,78
1031957659,294370259,96
1038263723,4736521,78
1039371196,62,65
1050380689,94218,8981887
1053280956,8594430,8981887
1055172503,4083561,11
1056533524,7824533,96
1059992739,3265728,8981887
1070260233,719,8981887
1073226681,77138,28410
1074428158,638862451,78
1087184500,295206,65
1087603871,61,11
1088980794,9964230,28410
1089243465,693535366,28410
1089267048,6044,89
1092644944,60581693,65
1097786772,984298,11
1100149293,70080649,65
1106005971,600991,53172
1115724537,613711349,8981887
1116413268,21522653,12617
1118023890,385068325,7253076
1121154794,27084,8981887
1121240529,3168,53172
1121288450,82254708,65
1131074855,843152,11
1147068321,980649,8981887
1149161981,723,89
1151450532,516832567,96
1157191280,20038,96
1158913689,9990745,7253076
1167005718,971498927,12617
1169889331,51,78
1170415088,76,78
1172626841,904,28410
1172824863,63919,28410
1176646559,18216,7253076
1178798536,278226669,78
1182142044,23,11
1182795656,63652797,28410
1183018843,28,12617
1186435408,20406,12617
1186818547,19834723,7253076
1191079099,260362,89
1198620983,868,28410
1204264790,46561,7253076
1204336991,290806,11
1207941403,4489,28410
1214504163,181803615,53172
1221007233,2387978,7253076
1222458751,5859,53172
1231090934,408912,53172
1231314158,93837,7253076
1231431079,793650188,89
1241624950,734725,65
1250472782,96,28410
1255320131,998454808,8981887
1256511159,3313,11
1269194174,41,12617
1271964611,829,11
1272678969,50,65
1274312899,197560408,78
1276897000,240554,65
1286127270,7043763,12617
1292393393,68938846,53172
1297898737,629580736,65
1298001658,163,96
1300870801,48,8981887
1302413588,247,8981887
1305641338,24719,89
1311730935,24779834,8981887
1321444142,41600790,7253076
1327417417,49586,12617
1331185999,8667,96
1341470022,533,96
1345483492,4010,53172
1346502505,810,96
1350846352,71128,8981887
1361539595,7961128,8981887
1366543411,7883490,53172
1368484746,5136,28410
1368682854,305,8981887
1375930191,356,65
1380356461,625,28410
1381272690,388,89
1383374038,14,89
1394728131,67278912,96
1409191270,65,96
1410695584,338472675,8981887
1412936277,302208,89
1414697424,18562,8981887
1419961284,8104723,89
1424769539,31262632,28410
1427073772,229468,53172
1433328846,3506396,96
1435267604,6625231,65
1435683975,9099,65
1441357172,221441617,12617
1443745330,6,28410
1446069487,5269461,89
1449843593,35406,8981887
1456441824,52,89
1465922529,5637693,8981887
1472732741,959383,7253076
1473013456,66013,8981887
1484750600,846,96
1489652401,5123116,28410
1491201466,75502668,7253076
1496376360,70354577,89
1506467477,212022,96
1509066971,25,78
1514300652,23037377,53172
1517246607,884,78
1518268449,5193926,8981887
1520536146,196289410,65
1521972486,55,12617
1522245401,9681,96
1522992833,4000015,53172
1524790893,9590746,8981887
1534071746,19372,78
1534880083,662,78
1541142224,86460883,11
1541744707,27147,11
1541795960,1878,89
1542530470,876162,53172
1544360410,8563,89
1547476054,354679394,65
1554618672,80771448,7253076
1554987143,6032,78
1559002844,45911,12617
1560803909,746904,12617
1561680487,138,89
1568634851,88903,8981887
1570113193,428728278,12617
1570684757,407551,28410
1571971484,35,65
1573951395,372098,65
1577739662,824470,8981887
1578871273,1363935,53172
1583976181,6068420,96
1594456916,457526,65
1600724241,153695384,53172
1609723198,9,8981887
1615574609,15313,96
1617110063,6605456,11
1621619571,92573,53172
1621905960,338325,28410
1623672840,69,28410
1623787158,748,53172
1624543542,5956,8981887
1637704626,2318,8981887
1640762930,1468736,8981887
1642197718,46084,28410
1643888623,6225434,28410
1647251108,74,11
1654300016,8334,65
1658231687,4468685,7253076
1658843821,900460023,12617
1665567180,2509,78
1671924286,90254161,8981887
1681686802,68995,89
1693679624,434,12617
1695269032,83,53172
1697589094,9455,7253076
1712849843,6438,78
1714080339,953432,53172
1718497697,149874432,12617
1728742522,7627,65
1739457275,5104,96
1741054740,14168,89
1752003744,813,53172
1752686500,92910440,78
1755717913,7037,65
1756640010,59457558,53172
1757484081,5210967,11
1763122328,2825277,89
1764799692,13952248,78
1767528102,9157650,65
1768185380,9770,12617
1773826428,87575353,12617
1785083278,9228,89
1786292821,605,89
1786389248,8246,11
1802934422,296,53172
1808716528,93,96
1809245496,8896172,12617
1811101656,821034,7253076
1815129706,613,12617
1842157554,272891973,65
1844639250,996,8981887
1849710223,82433,78
1858280725,143623,96
1869267984,9886718,12617
1877409906,6638,7253076
1880300159,32787,12617
1883601666,261809,96
1889732834,1586912,78
1890790843,66417739,65
1900744161,4346645,28410
1907565145,659546620,96
1908744516,668,89
1910808640,69326640,8981887
1913634368,823131553,28410
1914378769,86783890,65
1918723417,434649872,53172
1919120134,2823,96
1923348493,96640393,28410
1924647832,6201786,12617
1926438301,3270,8981887
1927259925,17518,28410
1927363899,3,89
1927854842,832,78
1930220748,81388869,11
1930516853,6273141,53172
1937640173,269,89
1938672410,6844073,89
1941538838,49162,89
1956679713,40853,28410
1957303806,8887,7253076
1966531875,9369,53172
1967147241,364,78
1972825360,4830,65
1975609937,1640,7253076
1980095848,95155,65
1983512345,425004,8981887
1989879117,177569386,28410
1992549537,1863,78
1995817569,4700720,65
1997859229,22224,65
2005463023,741030225,7253076
2006637200,403025714,8981887
2007629076,81271,65
2008160693,91211,78
2009845517,5178015,7253076
2012200544,45537,89
2013585587,328383,96
2014864408,9558662,7253076
2015373162,776479,7253076
2028085759,81232723,8981887
2033981298,155921615,7253076
2036340607,188525149,7253076
2049502987,19,53172
2049842048,60644896,78
2052283197,119,11
2053292029,5257241,78
2054281625,6488,89
2054579336,96133069,12617
2058484016,854827,89
2060286844,3103210,28410
2063674199,571430563,8981887
2063859375,59550986,8981887
2064737881,3444636,78
2078334002,670,96
2078764386,76922365,78
2083348920,24079,78
2086313316,121,65
2090501015,306,11
2092054568,721,65
2094086002,16519564,96
2094827932,7721,78
2097683980,7092,89
2102624683,4810529,89
2111117738,3603165,12617
2114591737,59536051,7253076
2120027931,87911274,28410
2124036179,90,78
2128319292,9203,78
2130065523,10441,7253076
2139652174,5084,89
2147483647,4,96
